class_id,class_name,n_test_instances,mAP50,mAP50_95
0,Недостаток P2O5,,0.38062434234967335,0.17490121705455802
1,Листовая (бурая) ржавчина,,0.49155924381202504,0.30731690185606375
2,Мучнистая роса,,0.32947147566711876,0.19214635740484234
3,Пиренофороз,,0.30000041873744027,0.14614608706766632
4,Фузариоз,,0.6522220115601599,0.389761006452302
5,Корневая гниль,,0.5629563344875043,0.32488987466083186
6,Септориоз,,0.45121095916651943,0.3580003791748247
7,Недостаток N,,0.26310205374563533,0.13637373330739927
8,Повреждение заморозками,,0.3319860218818509,0.20391296821017874
