class_id,class_name,n_test_instances,mAP50,mAP50_95
0,Недостаток P2O5,,0.3571887481945854,0.1703819353922106
1,Листовая (бурая) ржавчина,,0.4439574351420979,0.2540529356808199
2,Мучнистая роса,,0.218817174559481,0.12578104851146732
3,Пиренофороз,,0.1688410731880846,0.08171446527978934
4,Фузариоз,,0.5953043529234282,0.3438961091487562
5,Корневая гниль,,0.6281903941595358,0.3451089933549556
6,Септориоз,,0.28421559798308826,0.1881012610984737
7,Недостаток N,,0.2838698906042707,0.13373823876374993
8,Повреждение заморозками,,0.1675449772259266,0.08686934208477164
