class_id,class_name,n_test_instances,mAP50,mAP50_95
0,Недостаток P2O5,403,0.0,0.20445000000000002
1,Листовая (бурая) ржавчина,226,0.0,0.4068
2,Мучнистая роса,197,0.0,0.2127
3,Пиренофороз,194,0.0,0.1776
4,Фузариоз,133,0.0,0.49815
5,Корневая гниль,96,0.0,0.41835
6,Септориоз,89,0.0,0.47145000000000004
7,Недостаток N,66,0.0,0.17400000000000002
8,Повреждение заморозками,70,0.0,0.20745000000000002
