class_id,class_name,n_test_instances,mAP50,mAP50_95
0,Недостаток P2O5,,0.39101270997312687,0.17788001047379703
1,Листовая (бурая) ржавчина,,0.4917288779950524,0.2969888207062993
2,Мучнистая роса,,0.31128579778506704,0.1847083695118568
3,Пиренофороз,,0.283266599569515,0.1574099781109091
4,Фузариоз,,0.6109838580333927,0.3723969711697981
5,Корневая гниль,,0.5664779960210162,0.2969495419634824
6,Септориоз,,0.41273884524127313,0.3048991077046312
7,Недостаток N,,0.31692468063057033,0.1895638501580568
8,Повреждение заморозками,,0.2601896330674166,0.16613392950765735
