config,mAP@50,mAP@50-95,Precision,Recall,Epochs,FPS,Params_M,GFLOPs
yolov12_cgfm,0.36042,0.19089,0.47568,0.38615,15.0,,20.144,67.774
yolov12_cgfm_abl_p5only,0.37722,0.20647,0.4742,0.38322,14.0,,20.144,67.774
yolov12_cgfm_abl_p3only,0.37323,0.2008,0.48081,0.39448,18.0,,20.144,67.774
yolov12_cgfm_abl_effb0,0.36042,0.19089,0.47568,0.38615,15.0,,20.144,67.774
yolov12_cgfm_abl_vittiny,0.36042,0.19089,0.47568,0.38615,15.0,,20.144,67.774
