config,mAP@50,mAP@50-95,Precision,Recall,Epochs,FPS,Params_M,GFLOPs,ΔmAP@50
yolov12_baseline,0.37629,0.20235,0.4891,0.38119,18.0,20.358446360386818,20.144,67.774,0.0
yolov12_se_neck,0.36042,0.19089,0.47568,0.38615,15.0,,20.144,67.774,-0.015869999999999995
yolov12_cbam_neck,0.36136,0.19153,0.49283,0.37609,19.0,,20.144,67.774,-0.014929999999999999
yolov12_late_fusion,0.288281112909317,0.18611158430576324,,,,,,,-0.088008887090683
yolov12_cgfm,0.36042,0.19089,0.47568,0.38615,15.0,,20.144,67.774,-0.015869999999999995
yolov12_late_fusion,0.288281112909317,0.18611158430576324,,,,,,,-0.088008887090683
