class,rtdetr_cgfm,yolov12_baseline
Корневая гниль,0.3782781958580017,0.95
Листовая (бурая) ржавчина,0.2572207152843475,0.8142207426668725
Мучнистая роса,0.1312893480062484,0.6317181632874246
Недостаток N,0.1520249545574188,0.4012571132818658
Недостаток P2O5,0.1631662994623184,0.5306339202751507
Пиренофороз,0.1156949773430824,0.4632921187856423
Повреждение заморозками,0.1265950947999954,0.6293407615472578
Септориоз,0.3331411182880401,0.7635220393874835
Фузариоз,0.3641720712184906,0.95
