config,mAP@50,mAP@50-95,Precision,Recall,Epochs,FPS,Params_M,GFLOPs
yolov12_baseline,0.62,0.3334050865024316,0.8058731297669349,0.6280735602859495,18.0,20.358446360386818,20.144,67.774
yolov12_cgfm,0.628,0.3326089562177459,0.8288303645746629,0.6728322512624161,15.0,,20.144,67.774
rtdetr_baseline,0.6266267999999999,0.3701529,0.7520409,0.6939009,14.0,17.986723607988345,,
rtdetr_cgfm,0.648,0.4155046586220878,,,,,,
