variant,n_train,mAP50,mAP5095,precision,recall,fps,epochs
baseline,3109,0.50475,0.26505,0.31455,0.7422,64.03,100
aug_geom,9323,0.49185,0.243,0.21825,0.8111999999999999,58.49,76
aug_oversample,10405,0.50445,0.2607,0.2754,0.7683,61.05,96
aug_diffusion,10855,0.474,0.23369791006966434,0.1856675110829639,0.8112634578847371,57.87,61
